"date","open","high","low","close","adj_close","volume"
20140707,94.139999,95.989998,94.099998,95.970001,87.958870,56468000
20140708,96.269997,96.800003,93.919998,95.349998,87.390602,65222000
20140709,95.440002,95.949997,94.760002,95.389999,87.427269,36436000
20140710,93.760002,95.550003,93.519997,95.040001,87.106491,39686000
20140711,95.360001,95.889999,94.860001,95.220001,87.271454,34018000
20140714,95.860001,96.889999,95.650002,96.449997,88.398788,42810000
20140715,96.800003,96.849998,95.029999,95.320000,87.363113,45477900
20140716,96.970001,97.099998,94.739998,94.779999,86.868187,53396300
20140717,95.029999,95.279999,92.570000,93.089996,85.319267,57298000
20140718,93.620003,94.739998,93.019997,94.430000,86.547401,49988000
20140721,94.989998,95.000000,93.720001,93.940002,86.098305,39079000
20140722,94.680000,94.889999,94.120003,94.720001,86.813194,55197000
20140723,95.419998,97.879997,95.169998,97.190002,89.077019,92918000
20140724,97.040001,97.320000,96.419998,97.029999,88.930374,45729000
20140725,96.849998,97.839996,96.639999,97.669998,89.516945,43469000
20140728,97.820000,99.239998,97.550003,99.019997,90.754242,55318000
20140729,99.330002,99.440002,98.250000,98.379997,90.167679,43143000
20140730,98.440002,98.699997,97.669998,98.150002,89.956863,33010000
20140731,97.160004,97.449997,95.330002,95.599998,87.619743,56843000
20140801,94.900002,96.620003,94.809998,96.129997,88.105499,48511000
20140804,96.370003,96.580002,95.169998,95.589996,87.610580,39958000
20140805,95.360001,95.680000,94.360001,95.120003,87.179810,55933000
20140806,94.750000,95.480003,94.709999,94.959999,87.033173,38558000
20140807,94.930000,95.949997,94.099998,94.480003,87.023979,46711000
20140808,94.260002,94.820000,93.279999,94.739998,87.263443,41865000
20140811,95.269997,96.080002,94.839996,95.989998,88.414787,36585000
20140812,96.040001,96.879997,95.610001,95.970001,88.396378,33795000
20140813,96.150002,97.239998,96.040001,97.239998,89.566154,31916000
20140814,97.330002,97.570000,96.800003,97.500000,89.805611,28116000
20140815,97.900002,98.190002,96.860001,97.980003,90.247765,48951000
20140818,98.489998,99.370003,97.980003,99.160004,91.334633,47572000
20140819,99.410004,100.680000,99.320000,100.529999,92.596512,69399000
20140820,100.440002,101.089996,99.949997,100.570000,92.633347,52699000
20140821,100.570000,100.940002,100.110001,100.580002,92.642563,33478000
20140822,100.290001,101.470001,100.190002,101.320000,93.324173,44184000
20140825,101.790001,102.169998,101.279999,101.540001,93.526787,40270000
20140826,101.419998,101.500000,100.860001,100.889999,92.928085,33152000
20140827,101.019997,102.570000,100.699997,102.129997,94.070236,52369000
20140828,101.589996,102.779999,101.559998,102.250000,94.180771,68460000
20140829,102.860001,102.900002,102.199997,102.500000,94.411041,44595000
20140902,103.059998,103.739998,102.720001,103.300003,95.147903,53564000
20140903,103.099998,103.199997,98.580002,98.940002,91.131973,125421000
20140904,98.849998,100.089996,97.790001,98.120003,90.376709,85718000
20140905,98.800003,99.389999,98.309998,98.970001,91.159615,58457000
20140908,99.300003,99.309998,98.050003,98.360001,90.597771,46356700
20140909,99.080002,103.080002,96.139999,97.989998,90.256966,189846300
20140910,98.010002,101.110001,97.760002,101.000000,93.029419,100869600
20140911,100.410004,101.440002,99.620003,101.430000,93.425491,62353100
20140912,101.209999,102.190002,101.080002,101.660004,93.637337,62626100
20140915,102.809998,103.050003,101.440002,101.629997,93.609688,61316500
20140916,99.800003,101.260002,98.889999,100.860001,92.900459,66908100
20140917,101.269997,101.800003,100.589996,101.580002,93.563652,60926500
20140918,101.930000,102.349998,101.559998,101.790001,93.757080,37299400
20140919,102.290001,102.349998,100.500000,100.959999,92.992592,70902400
20140922,101.800003,102.139999,100.580002,101.059998,93.084694,52788400
20140923,100.599998,102.940002,100.540001,102.639999,94.539993,63402200
20140924,102.160004,102.849998,101.199997,101.750000,93.720238,60171800
20140925,100.510002,100.709999,97.720001,97.870003,90.146439,100092000
20140926,98.529999,100.750000,98.400002,100.750000,92.799133,62370500
20140929,98.650002,100.440002,98.629997,100.110001,92.209648,49766300
20140930,100.809998,101.540001,100.529999,100.750000,92.799133,55264100
20141001,100.589996,100.690002,98.699997,99.180000,91.353058,51491300
20141002,99.269997,100.220001,98.040001,99.900002,92.016235,47757800
20141003,99.440002,100.209999,99.040001,99.620003,91.758347,43469600
20141006,99.949997,100.650002,99.419998,99.620003,91.758347,37051200
20141007,99.430000,100.120003,98.730003,98.750000,90.956970,42094200
20141008,98.760002,101.110001,98.309998,100.800003,92.845215,57404700
20141009,101.540001,102.379997,100.610001,101.019997,93.047852,77376500
20141010,100.690002,102.029999,100.300003,100.730003,92.780716,66331600
20141013,101.330002,101.779999,99.809998,99.809998,91.933334,53583400
20141014,100.389999,100.519997,98.570000,98.750000,90.956970,63688600
20141015,97.970001,99.150002,95.180000,97.540001,89.842468,100933600
20141016,95.550003,97.720001,95.410004,96.260002,88.663467,72154500
20141017,97.500000,99.000000,96.809998,97.669998,89.962227,68179700
20141020,98.320000,99.959999,98.220001,99.760002,91.887299,77517300
20141021,103.019997,103.019997,101.269997,102.470001,94.383415,94623900
20141022,102.839996,104.110001,102.599998,102.989998,94.862366,68263100
20141023,104.080002,105.050003,103.629997,104.830002,96.557182,71074700
20141024,105.180000,105.489998,104.529999,105.220001,96.916382,47053900
20141027,104.849998,105.480003,104.699997,105.110001,96.815079,34187700
20141028,105.400002,106.739998,105.349998,106.739998,98.316429,48060900
20141029,106.650002,107.370003,106.360001,107.339996,98.869072,52687900
20141030,106.959999,107.349998,105.900002,106.980003,98.537498,40654800
20141031,108.010002,108.040001,107.209999,108.000000,99.476997,44639300
20141103,108.220001,110.300003,108.010002,109.400002,100.766525,52282600
20141104,109.360001,109.489998,107.720001,108.599998,100.029655,41574400
20141105,109.099998,109.300003,108.129997,108.860001,100.269127,37435900
20141106,108.599998,108.790001,107.800003,108.699997,100.555893,34968500
20141107,108.750000,109.320000,108.550003,109.010002,100.842690,33691500
20141110,109.019997,109.330002,108.669998,108.830002,100.676170,27195500
20141111,108.699997,109.750000,108.400002,109.699997,101.480988,27442300
20141112,109.379997,111.430000,109.370003,111.250000,102.914864,46942400
20141113,111.800003,113.449997,111.599998,112.820000,104.367241,59522900
20141114,113.150002,114.190002,111.209999,114.180000,105.625313,44063600
20141117,114.269997,117.279999,113.300003,113.989998,105.449570,46746700
20141118,113.940002,115.690002,113.889999,115.470001,106.818672,44224000
20141119,115.440002,115.739998,113.800003,114.669998,106.078621,41869200
20141120,114.910004,116.860001,114.849998,116.309998,107.595749,43395500
20141121,117.510002,117.570000,116.029999,116.470001,107.743759,57179300
20141124,116.849998,118.769997,116.620003,118.629997,109.741928,47450800
20141125,119.070000,119.750000,117.449997,117.599998,108.789093,68840400
20141126,117.940002,119.099998,117.830002,119.000000,110.084206,40768300
20141128,119.269997,119.400002,118.050003,118.930000,110.019447,24814400
20141201,118.809998,119.250000,111.269997,115.070000,106.448647,83814000
20141202,113.500000,115.750000,112.750000,114.629997,106.041618,59348900
20141203,115.750000,116.349998,115.110001,115.930000,107.244217,43063400
20141204,115.769997,117.199997,115.290001,115.489998,106.837196,42044500
20141205,115.989998,116.080002,114.639999,115.000000,106.383896,38318900
20141208,114.099998,114.650002,111.620003,112.400002,103.978683,57664900
20141209,110.190002,114.300003,109.349998,114.120003,105.569832,60208000
20141210,114.410004,114.849998,111.540001,111.949997,103.562416,44565300
20141211,112.260002,113.800003,111.339996,111.620003,103.257141,41401700
20141212,110.459999,111.870003,109.580002,109.730003,101.508751,56028100
20141215,110.699997,111.599998,106.349998,108.230003,100.121140,67218100
20141216,106.370003,110.160004,106.260002,106.750000,98.751999,60790700
20141217,107.120003,109.839996,106.820000,109.410004,101.212715,53411800
20141218,111.870003,112.650002,110.660004,112.650002,104.209976,59006200
20141219,112.260002,113.239998,111.660004,111.779999,103.405144,88429800
20141222,112.160004,113.489998,111.970001,112.940002,104.478241,45167500
20141223,113.230003,113.330002,112.459999,112.540001,104.108208,26028400
20141224,112.580002,112.709999,112.010002,112.010002,103.617920,14479600
20141226,112.099998,114.519997,112.010002,113.989998,105.449570,33721000
20141229,113.790001,114.769997,113.699997,113.910004,105.375557,27598900
20141230,113.639999,113.919998,112.110001,112.519997,104.089706,29881500
20141231,112.820000,113.129997,110.209999,110.379997,102.110046,41403400
20150102,111.389999,111.440002,107.349998,109.330002,101.138702,53204600
20150105,108.290001,108.650002,105.410004,106.250000,98.289474,64285500
20150106,106.540001,107.430000,104.629997,106.260002,98.298729,65797100
20150107,107.199997,108.199997,106.699997,107.750000,99.677094,40105900
20150108,109.230003,112.150002,108.699997,111.889999,103.506897,59364500
20150109,112.669998,113.250000,110.209999,112.010002,103.617920,53699500
20150112,112.599998,112.629997,108.800003,109.250000,101.064705,49650800
20150113,111.430000,112.800003,108.910004,110.220001,101.962006,67091900
20150114,109.040001,110.489998,108.500000,109.800003,101.573509,48956600
20150115,110.000000,110.059998,106.660004,106.820000,98.816750,60014000
20150116,107.029999,107.580002,105.199997,105.989998,98.048943,78513300
20150120,107.839996,108.970001,106.500000,108.720001,100.574409,49899900
20150121,108.949997,111.059998,108.269997,109.550003,101.342232,48575900
20150122,110.260002,112.470001,109.720001,112.400002,103.978683,53796400
20150123,112.300003,113.750000,111.529999,112.980003,104.515251,46464800
20150126,113.739998,114.360001,112.800003,113.099998,104.626236,55615000
20150127,112.419998,112.480003,109.029999,109.139999,100.962952,95568700
20150128,117.629997,118.120003,115.309998,115.309998,106.670677,146477100
20150129,116.320000,119.190002,115.559998,118.900002,109.991692,84436400
20150130,118.400002,120.000000,116.849998,117.160004,108.382065,83745500
20150202,118.050003,119.169998,116.080002,118.629997,109.741928,62739100
20150203,118.500000,119.089996,117.610001,118.650002,109.760429,51915700
20150204,118.500000,120.510002,118.309998,119.559998,110.602264,70149700
20150205,120.019997,120.230003,119.250000,119.940002,111.391663,42246200
20150206,120.019997,120.250000,118.449997,118.930000,110.453644,43706600
20150209,118.550003,119.839996,118.430000,119.720001,111.187347,38889800
20150210,120.169998,122.150002,120.160004,122.019997,113.323441,62008500
20150211,122.769997,124.919998,122.500000,124.879997,115.979591,73561800
20150212,126.059998,127.480003,125.570000,126.459999,117.446976,74474500
20150213,127.279999,127.279999,125.650002,127.080002,118.022797,54272200
20150217,127.489998,128.880005,126.919998,127.830002,118.719330,63152400
20150218,127.629997,128.779999,127.449997,128.720001,119.545914,44891700
20150219,128.479996,129.029999,128.330002,128.449997,119.295151,37362400
20150220,128.619995,129.500000,128.050003,129.500000,120.270302,48948400
20150223,130.020004,133.000000,129.660004,133.000000,123.520866,70974100
20150224,132.940002,133.600006,131.169998,132.169998,122.750023,69228100
20150225,131.559998,131.600006,128.149994,128.789993,119.610909,74711700
20150226,128.789993,130.869995,126.610001,130.419998,121.124733,91287500
20150227,130.000000,130.570007,128.240005,128.460007,119.304436,62014800
20150302,129.250000,130.279999,128.300003,129.089996,119.889519,48096700
20150303,128.960007,129.520004,128.089996,129.360001,120.140289,37816300
20150304,129.100006,129.559998,128.320007,128.539993,119.378723,31666300
20150305,128.580002,128.750000,125.760002,126.410004,117.400566,56517100
20150306,128.399994,129.369995,126.260002,126.599998,117.577003,72842100
20150309,127.959999,129.570007,125.059998,127.139999,118.078514,88528500
20150310,126.410004,127.220001,123.800003,124.510002,115.635963,68856600
20150311,124.750000,124.769997,122.110001,122.239998,113.527740,68939000
20150312,122.309998,124.900002,121.629997,124.449997,115.580231,48362700
20150313,124.400002,125.400002,122.580002,123.589996,114.781525,51827300
20150316,123.879997,124.949997,122.870003,124.949997,116.044601,35874300
20150317,125.900002,127.320000,125.650002,127.040001,117.985634,51023100
20150318,127.000000,129.160004,126.370003,128.470001,119.313713,65270900
20150319,128.750000,129.250000,127.400002,127.500000,118.412849,45809500
20150320,128.250000,128.399994,125.160004,125.900002,116.926895,68695100
20150323,127.120003,127.849998,126.519997,127.209999,118.143532,37709700
20150324,127.230003,128.039993,126.559998,126.690002,117.660599,32842300
20150325,126.540001,126.820000,123.379997,123.379997,114.586479,51655200
20150326,122.760002,124.879997,122.599998,124.239998,115.385201,47572900
20150327,124.570000,124.699997,122.910004,123.250000,114.465752,39546200
20150330,124.050003,126.400002,124.000000,126.370003,117.363396,47099700
20150331,126.089996,126.489998,124.360001,124.430000,115.561661,42090600
20150401,124.820000,125.120003,123.099998,124.250000,115.394478,40621400
20150402,125.029999,125.559998,124.190002,125.320000,116.388237,32220100
20150406,124.470001,127.510002,124.330002,127.349998,118.273537,37194000
20150407,127.639999,128.119995,125.980003,126.010002,117.029076,35012300
20150408,125.849998,126.400002,124.970001,125.599998,116.648262,37329200
20150409,125.849998,126.580002,124.660004,126.559998,117.539848,32484000
20150410,125.949997,127.209999,125.260002,127.099998,118.041359,40188000
20150413,128.369995,128.570007,126.610001,126.849998,117.809189,36365100
20150414,127.000000,127.290001,125.910004,126.300003,117.298386,25524600
20150415,126.410004,127.129997,126.010002,126.779999,117.744171,28970400
20150416,126.279999,127.099998,126.110001,126.169998,117.177650,28369000
20150417,125.550003,126.139999,124.459999,124.750000,115.858849,51957000
20150420,125.570000,128.119995,125.169998,127.599998,118.505730,47054300
20150421,128.100006,128.199997,126.669998,126.910004,117.864899,32435100
20150422,126.989998,128.869995,126.320000,128.619995,119.453033,37654500
20150423,128.300003,130.419998,128.139999,129.669998,120.428200,45770900
20150424,130.490005,130.630005,129.229996,130.279999,120.994698,44525900
20150427,132.309998,133.130005,131.149994,132.649994,123.195801,96954200
20150428,134.460007,134.539993,129.570007,130.559998,121.254791,118924000
20150429,130.160004,131.589996,128.300003,128.639999,119.471619,63386100
20150430,128.639999,128.639999,124.580002,125.150002,116.230362,83195400
20150501,126.099998,130.130005,125.300003,128.949997,119.759514,58512600
20150504,129.500000,130.570007,128.259995,128.699997,119.527336,50988300
20150505,128.149994,128.449997,125.779999,125.800003,116.834015,49271400
20150506,126.559998,126.750000,123.360001,125.010002,116.100319,72141000
20150507,124.769997,126.080002,124.019997,125.260002,116.818443,43940900
20150508,126.680000,127.620003,126.110001,127.620003,119.019386,55550400
20150511,127.389999,127.559998,125.629997,126.320000,117.806992,42035800
20150512,125.599998,126.879997,124.820000,125.870003,117.387321,48160000
20150513,126.150002,127.190002,125.870003,126.010002,117.517899,34694200
20150514,127.410004,128.949997,127.160004,128.949997,120.259758,45203500
20150515,129.070007,129.490005,128.210007,128.770004,120.091888,38208000
20150518,128.380005,130.720001,128.360001,130.190002,121.416183,50882900
20150519,130.690002,130.880005,129.639999,130.070007,121.304276,44633200
20150520,130.000000,130.979996,129.339996,130.059998,121.294930,36454900
20150521,130.070007,131.630005,129.830002,131.389999,122.535309,39730400
20150522,131.600006,132.970001,131.399994,132.539993,123.607811,45596000
20150526,132.600006,132.910004,129.119995,129.619995,120.884575,70697600
20150527,130.339996,132.259995,130.050003,132.039993,123.141502,45833200
20150528,131.860001,131.949997,131.100006,131.779999,122.899017,30733300
20150529,131.229996,131.449997,129.899994,130.279999,121.500092,50884500
20150601,130.279999,131.389999,130.050003,130.539993,121.742584,32112800
20150602,129.860001,130.660004,129.320007,129.960007,121.201675,33667600
20150603,130.660004,130.940002,129.899994,130.119995,121.350891,30983500
20150604,129.580002,130.580002,128.910004,129.360001,120.642128,38450100
20150605,129.500000,129.690002,128.360001,128.649994,119.979965,35626800
20150608,128.899994,129.210007,126.830002,127.800003,119.187256,52674800
20150609,126.699997,128.080002,125.620003,127.419998,118.832848,56075400
20150610,127.919998,129.339996,127.849998,128.880005,120.194473,39087300
20150611,129.179993,130.179993,128.479996,128.589996,119.924004,35390900
20150612,128.190002,128.330002,127.110001,127.169998,118.599716,36886200
20150615,126.099998,127.239998,125.709999,126.919998,118.366562,43988900
20150616,127.029999,127.849998,126.370003,127.599998,119.000732,31494100
20150617,127.720001,127.879997,126.739998,127.300003,118.720940,32918100
20150618,127.230003,128.309998,127.220001,127.879997,119.261871,35407200
20150619,127.709999,127.820000,126.400002,126.599998,118.068138,54716900
20150622,127.489998,128.059998,127.080002,127.610001,119.010063,34039300
20150623,127.480003,127.610001,126.879997,127.029999,118.469147,30268900
20150624,127.209999,129.800003,127.120003,128.110001,119.476364,55280900
20150625,128.860001,129.199997,127.500000,127.500000,118.907471,31938100
20150626,127.669998,127.989998,126.510002,126.750000,118.208008,44066800
20150629,125.459999,126.470001,124.480003,124.529999,116.137619,49161400
20150630,125.570000,126.120003,124.860001,125.430000,116.976997,44370700
20150701,126.900002,126.940002,125.989998,126.599998,118.068138,30238800
20150702,126.430000,126.690002,125.769997,126.440002,117.918915,27211000
20150706,124.940002,126.230003,124.849998,126.000000,117.508560,28060400
20150707,125.889999,126.150002,123.769997,125.690002,117.219444,46946800
20150708,124.480003,124.639999,122.540001,122.570000,114.309715,60761600
20150709,123.849998,124.059998,119.220001,120.070000,111.978203,78595000
20150710,121.940002,123.849998,121.209999,123.279999,114.971863,61354500
20150713,125.029999,125.760002,124.320000,125.660004,117.191483,41440500
20150714,126.040001,126.370003,125.040001,125.610001,117.144852,31768100
20150715,125.720001,127.150002,125.580002,126.820000,118.273300,33649200
20150716,127.739998,128.570007,127.349998,128.509995,119.849411,36222400
20150717,129.080002,129.619995,128.309998,129.619995,120.884575,46164700
20150720,130.970001,132.970001,130.699997,132.070007,123.169502,58900200
20150721,132.850006,132.919998,130.320007,130.750000,121.938454,76756400
20150722,121.989998,125.500000,121.989998,125.220001,116.781151,115450600
20150723,126.199997,127.089996,125.059998,125.160004,116.725174,50999500
20150724,125.320000,125.739998,123.900002,124.500000,116.109650,42162300
20150727,123.089996,123.610001,122.120003,122.769997,114.496239,44455500
20150728,123.379997,123.910004,122.550003,123.379997,115.065125,33618100
20150729,123.150002,123.500000,122.269997,122.989998,114.701416,37011700
20150730,122.320000,122.570000,121.709999,122.370003,114.123199,33628300
20150731,122.599998,122.639999,120.910004,121.300003,113.125298,42885000
20150803,121.500000,122.570000,117.519997,118.440002,110.458069,69976000
20150804,117.419998,117.699997,113.250000,114.639999,106.914131,124138600
20150805,112.949997,117.440002,112.099998,115.400002,107.622925,99312600
20150806,115.970001,116.500000,114.120003,115.129997,107.857124,52903000
20150807,114.580002,116.250000,114.500000,115.519997,108.222488,38670400
20150810,116.529999,119.989998,116.529999,119.720001,112.157166,54951600
20150811,117.809998,118.180000,113.330002,113.489998,106.320732,97082800
20150812,112.529999,115.419998,109.629997,115.239998,107.960182,101217500
20150813,116.040001,116.400002,114.540001,115.150002,107.875870,48535800
20150814,114.320000,116.309998,114.010002,115.959999,108.634697,42929500
20150817,116.040001,117.650002,115.500000,117.160004,109.758896,40884700
20150818,116.430000,117.440002,116.010002,116.500000,109.140579,34560700
20150819,116.099998,116.519997,114.680000,115.010002,107.744705,48286500
20150820,114.080002,114.349998,111.629997,112.650002,105.533798,68501600
20150821,110.430000,111.900002,105.650002,105.760002,99.079048,128275500
20150824,94.870003,108.800003,92.000000,103.120003,96.605797,162206300
20150825,111.110001,111.110001,103.500000,103.739998,97.186653,103601600
20150826,107.089996,109.889999,105.050003,109.690002,102.760788,96774600
20150827,112.230003,113.239998,110.019997,112.919998,105.786743,84616100
20150828,112.169998,113.309998,111.540001,113.290001,106.133369,53164400
20150831,112.029999,114.529999,112.000000,112.760002,105.636848,56229300
20150901,110.150002,111.879997,107.360001,107.720001,100.915230,76845900
20150902,110.230003,112.339996,109.129997,112.339996,105.243378,61888800
20150903,112.489998,112.779999,110.040001,110.370003,103.397812,53233900
20150904,108.970001,110.449997,108.510002,109.269997,102.367294,49996300
20150908,111.750000,112.559998,110.320000,112.309998,105.215271,54843600
20150909,113.760002,114.019997,109.769997,110.150002,103.191719,85010800
20150910,110.269997,113.279999,109.900002,112.570000,105.458847,62892800
20150911,111.790001,114.209999,111.760002,114.209999,106.995239,49915500
20150914,116.580002,116.889999,114.860001,115.309998,108.025749,58363400
20150915,115.930000,116.529999,114.419998,116.279999,108.934486,43341200
20150916,116.250000,116.540001,115.440002,116.410004,109.056274,37173500
20150917,115.660004,116.489998,113.720001,113.919998,106.723564,64112600
20150918,112.209999,114.300003,111.870003,113.449997,106.283257,74285300
20150921,113.669998,115.370003,113.660004,115.209999,107.932068,50222000
20150922,113.379997,114.180000,112.519997,113.400002,106.236412,50346200
20150923,113.629997,114.720001,113.300003,114.320000,107.098297,35756700
20150924,113.250000,115.500000,112.370003,115.000000,107.735352,50219500
20150925,116.440002,116.690002,114.019997,114.709999,107.463654,56151900
20150928,113.849998,114.570000,112.440002,112.440002,105.337044,52109000
20150929,112.830002,113.510002,107.860001,109.059998,102.170570,73365400
20150930,110.169998,111.540001,108.730003,110.300003,103.332245,66473000
20151001,109.070000,109.620003,107.309998,109.580002,102.657722,63929100
20151002,108.010002,111.010002,107.550003,110.379997,103.407196,58019800
20151005,109.879997,111.370003,109.070000,110.779999,103.781921,52064700
20151006,110.629997,111.739998,109.769997,111.309998,104.278427,48196800
20151007,111.739998,111.769997,109.410004,110.779999,103.781921,46765600
20151008,110.190002,110.190002,108.209999,109.500000,102.582787,61979600
20151009,110.000000,112.279999,109.489998,112.120003,105.037270,52766100
20151012,112.730003,112.750000,111.440002,111.599998,104.550117,30467200
20151013,110.820000,112.449997,110.680000,111.790001,104.728134,33049300
20151014,111.290001,111.519997,109.559998,110.209999,103.247932,44462400
20151015,110.930000,112.099998,110.489998,111.860001,104.793709,37673500
20151016,111.779999,112.000000,110.529999,111.040001,104.025505,39232600
20151019,110.800003,111.750000,110.110001,111.730003,104.671913,29759200
20151020,111.339996,114.169998,110.820000,113.769997,106.583038,48967800
20151021,114.000000,115.580002,113.699997,113.760002,106.573662,41795200
20151022,114.330002,115.500000,114.099998,115.500000,108.203766,41654100
20151023,116.699997,119.230003,116.330002,119.080002,111.557602,59366900
20151026,118.080002,118.129997,114.919998,115.279999,107.997643,66333800
20151027,115.400002,116.540001,113.989998,114.550003,107.313782,69884400
20151028,116.930000,119.300003,116.059998,119.269997,111.735588,85551400
20151029,118.699997,120.690002,118.269997,120.529999,112.916008,51227300
20151030,120.989998,121.220001,119.449997,119.500000,111.951080,49365300
20151102,120.800003,121.360001,119.610001,121.180000,113.524933,32203300
20151103,120.790001,123.489998,120.699997,122.570000,114.827148,45519000
20151104,123.129997,123.820000,121.620003,122.000000,114.293152,44886100
20151105,121.849998,122.690002,120.180000,120.919998,113.766273,39552700
20151106,121.110001,121.809998,120.620003,121.059998,113.897980,33042300
20151109,120.959999,121.809998,120.050003,120.570000,113.436989,33871400
20151110,116.900002,118.070000,116.059998,116.769997,109.861786,59127900
20151111,116.370003,117.419998,115.209999,116.110001,109.240829,45218000
20151112,116.260002,116.820000,115.650002,115.720001,108.873901,32525600
20151113,115.199997,115.570000,112.269997,112.339996,105.693871,45812400
20151116,111.379997,114.239998,111.000000,114.180000,107.425018,38106700
20151117,114.919998,115.050003,113.320000,113.690002,106.963997,27616900
20151118,115.760002,117.489998,115.500000,117.290001,110.351044,46674700
20151119,117.639999,119.750000,116.760002,118.779999,111.752861,43295800
20151120,119.199997,119.919998,118.849998,119.300003,112.242119,34287100
20151123,119.269997,119.730003,117.339996,117.750000,110.783813,32482500
20151124,117.330002,119.349998,117.120003,118.879997,111.846962,42803200
20151125,119.209999,119.230003,117.919998,118.029999,111.047241,21388300
20151127,118.290001,118.410004,117.599998,117.809998,110.840263,13046400
20151130,117.989998,119.410004,117.750000,118.300003,111.301277,39180300
20151201,118.750000,118.809998,116.860001,117.339996,110.398071,34852400
20151202,117.339996,118.110001,116.080002,116.279999,109.400780,33386600
20151203,116.550003,116.790001,114.220001,115.199997,108.384674,41569500
20151204,115.290001,119.250000,115.110001,119.029999,111.988083,57777000
20151207,118.980003,119.860001,117.809998,118.279999,111.282463,32084200
20151208,117.519997,118.599998,116.860001,118.230003,111.235413,34309500
20151209,117.639999,117.690002,115.080002,115.620003,108.779823,46361400
20151210,116.040001,116.940002,115.510002,116.169998,109.297287,29212700
20151211,115.190002,115.389999,112.849998,113.180000,106.484169,46886200
20151214,112.180000,112.680000,109.790001,112.480003,105.825577,64318700
20151215,111.940002,112.800003,110.349998,110.489998,103.953316,53323100
20151216,111.070000,111.989998,108.800003,111.339996,104.753021,56238500
20151217,112.019997,112.250000,108.980003,108.980003,102.532654,44772800
20151218,108.910004,109.519997,105.809998,106.029999,99.757187,96453300
20151221,107.279999,107.370003,105.570000,107.330002,100.980263,47590600
20151222,107.400002,107.720001,106.449997,107.230003,100.886185,32789400
20151223,107.269997,108.849998,107.199997,108.610001,102.184532,32657400
20151224,109.000000,109.000000,107.949997,108.029999,101.638863,13570400
20151228,107.589996,107.690002,106.180000,106.820000,100.500443,26704200
20151229,106.959999,109.430000,106.860001,108.739998,102.306847,30931200
20151230,108.580002,108.699997,107.180000,107.320000,100.970871,25213800
20151231,107.010002,107.029999,104.820000,105.260002,99.032730,40912300
20160104,102.610001,105.370003,102.000000,105.349998,99.117409,67649400
20160105,105.750000,105.849998,102.410004,102.709999,96.633583,55791000
20160106,100.559998,102.370003,99.870003,100.699997,94.742485,68457400
20160107,98.680000,100.129997,96.430000,96.449997,90.743942,81094400
20160108,98.550003,99.110001,96.760002,96.959999,91.223770,70798000
20160111,98.970001,99.059998,97.339996,98.529999,92.700867,49739400
20160112,100.550003,100.690002,98.839996,99.959999,94.046272,49154200
20160113,100.320000,101.190002,97.300003,97.389999,91.628334,62439600
20160114,97.959999,100.480003,95.739998,99.519997,93.632301,63170100
20160115,96.199997,97.709999,95.360001,97.129997,91.383713,79833900
20160119,98.410004,98.650002,95.500000,96.660004,90.941513,53087700
20160120,95.099998,98.190002,93.419998,96.790001,91.063828,72334400
20160121,97.059998,97.879997,94.940002,96.300003,90.602806,52161500
20160122,98.629997,101.459999,98.370003,101.419998,95.419914,65800500
20160125,101.519997,101.529999,99.209999,99.440002,93.557060,51794500
20160126,99.930000,100.879997,98.070000,99.989998,94.074509,75077000
20160127,96.040001,96.629997,93.339996,93.419998,87.893181,133369700
20160128,93.790001,94.519997,92.389999,94.089996,88.523552,55678800
20160129,94.790001,97.339996,94.349998,97.339996,91.581261,64416500
20160201,96.470001,96.709999,95.400002,96.430000,90.725128,40943500
20160202,95.419998,96.040001,94.279999,94.480003,88.890472,37357200
20160203,95.000000,96.839996,94.080002,96.349998,90.649841,45964300
20160204,95.860001,97.330002,95.190002,96.599998,91.378220,46471700
20160205,96.519997,96.919998,93.690002,94.019997,88.937683,46418100
20160208,93.129997,95.699997,93.040001,95.010002,89.874184,54021400
20160209,94.290001,95.940002,93.930000,94.989998,89.855255,44331200
20160210,95.919998,96.349998,94.099998,94.269997,89.174171,42343600
20160211,93.790001,94.720001,92.589996,93.699997,88.634987,50074700
20160212,94.190002,94.500000,93.010002,93.989998,88.909309,40351400
20160216,95.019997,96.849998,94.610001,96.639999,91.416077,49057900
20160217,96.669998,98.209999,96.150002,98.120003,92.816063,44863200
20160218,98.839996,98.889999,96.089996,96.260002,91.056610,39021000
20160219,96.000000,96.760002,95.800003,96.040001,90.848495,35374200
20160222,96.309998,96.900002,95.919998,96.879997,91.643089,34280800
20160223,96.400002,96.500000,94.550003,94.690002,89.571465,31942600
20160224,93.980003,96.379997,93.320000,96.099998,90.905258,36255700
20160225,96.050003,96.760002,95.250000,96.760002,91.529579,27582700
20160226,97.199997,98.019997,96.580002,96.910004,91.671463,28991100
20160229,96.860001,98.230003,96.650002,96.690002,91.463356,35216300
20160301,97.650002,100.769997,97.419998,100.529999,95.095795,50407100
20160302,100.510002,100.889999,99.639999,100.750000,95.303894,33169600
20160303,100.580002,101.709999,100.449997,101.500000,96.013351,36955700
20160304,102.370003,103.750000,101.370003,103.010002,97.441711,46055100
20160307,102.389999,102.830002,100.959999,101.870003,96.363358,35828900
20160308,100.779999,101.760002,100.400002,101.029999,95.568756,31561900
20160309,101.309998,101.580002,100.269997,101.120003,95.653908,27201700
20160310,101.410004,102.239998,100.150002,101.169998,95.701187,33513600
20160311,102.239998,102.279999,101.500000,102.260002,96.732269,27408200
20160314,101.910004,102.910004,101.779999,102.519997,96.978226,25076100
20160315,103.959999,105.180000,103.849998,104.580002,98.926865,40067700
20160316,104.610001,106.309998,104.589996,105.970001,100.241730,38303500
20160317,105.519997,106.470001,104.959999,105.800003,100.080917,34420700
20160318,106.339996,106.500000,105.190002,105.919998,100.194412,44205200
20160321,105.930000,107.650002,105.139999,105.910004,100.184975,35502700
20160322,105.250000,107.290001,105.209999,106.720001,100.951187,32444400
20160323,106.480003,107.070000,105.900002,106.129997,100.393074,25703500
20160324,105.470001,106.250000,104.889999,105.669998,99.957932,26133000
20160328,106.000000,106.190002,105.059998,105.190002,99.503891,19411400
20160329,104.889999,107.790001,104.879997,107.680000,101.859291,31190100
20160330,108.650002,110.419998,108.599998,109.559998,103.637657,45601100
20160331,109.720001,109.900002,108.879997,108.989998,103.098488,25888400
20160401,108.779999,110.000000,108.199997,109.989998,104.044418,25874000
20160404,110.419998,112.190002,110.269997,111.120003,105.113350,37356200
20160405,109.510002,110.730003,109.419998,109.809998,103.874130,26578700
20160406,110.230003,110.980003,109.199997,110.959999,104.961983,26404100
20160407,109.949997,110.419998,108.120003,108.540001,102.672806,31801900
20160408,108.910004,109.769997,108.169998,108.660004,102.786316,23581700
20160411,108.970001,110.610001,108.830002,109.019997,103.126831,29407500
20160412,109.339996,110.500000,108.660004,110.440002,104.470108,27232300
20160413,110.800003,112.339996,110.800003,112.040001,105.983620,33257300
20160414,111.620003,112.389999,111.330002,112.099998,106.040352,25473900
20160415,112.110001,112.300003,109.730003,109.849998,103.911995,46939000
20160418,108.889999,108.949997,106.940002,107.480003,101.670097,60821500
20160419,107.879997,108.000000,106.230003,106.910004,101.130913,32384900
20160420,106.639999,108.089996,106.059998,107.129997,101.339020,30611000
20160421,106.930000,106.930000,105.519997,105.970001,100.241730,31552500
20160422,105.010002,106.480003,104.620003,105.680000,99.967400,33683100
20160425,105.000000,105.650002,104.510002,105.080002,99.399841,28031600
20160426,103.910004,105.300003,103.910004,104.349998,98.709282,56016200
20160427,96.000000,98.709999,95.680000,97.820000,92.532272,114602100
20160428,97.610001,97.879997,94.250000,94.830002,89.703918,82242700
20160429,93.989998,94.720001,92.510002,93.739998,88.672829,68531500
20160502,93.970001,94.080002,92.400002,93.639999,88.578232,48160100
20160503,94.199997,95.739998,93.680000,95.180000,90.034988,56831300
20160504,95.199997,95.900002,93.820000,94.190002,89.098503,41025500
20160505,94.000000,94.070000,92.680000,93.239998,88.736847,35890500
20160506,93.370003,93.449997,91.849998,92.720001,88.241974,43699900
20160509,93.000000,93.769997,92.589996,92.790001,88.308601,32936400
20160510,93.330002,93.570000,92.110001,93.419998,88.908142,33686800
20160511,93.480003,93.570000,92.459999,92.510002,88.042122,28719100
20160512,92.720001,92.779999,89.470001,90.339996,85.976913,76314700
20160513,90.000000,91.669998,90.000000,90.519997,86.148216,44392800
20160516,92.389999,94.389999,91.650002,93.879997,89.345955,61259800
20160517,94.550003,94.699997,93.010002,93.489998,88.974770,46916900
20160518,94.160004,95.209999,93.889999,94.559998,89.993103,42062400
20160519,94.639999,94.639999,93.570000,94.199997,89.650475,30442100
20160520,94.639999,95.430000,94.519997,95.220001,90.621223,32026000
20160523,95.870003,97.190002,95.669998,96.430000,91.772781,38018600
20160524,97.220001,98.089996,96.839996,97.900002,93.171783,35140200
20160525,98.669998,99.739998,98.110001,99.620003,94.808731,38168800
20160526,99.680000,100.730003,98.639999,100.410004,95.560585,56331200
20160527,99.440002,100.470001,99.250000,100.349998,95.503456,36341200
20160531,99.599998,100.400002,98.820000,99.860001,95.037117,42307200
20160601,99.019997,99.540001,98.330002,98.459999,93.704742,29173300
20160602,97.599998,97.839996,96.629997,97.720001,93.000496,40191600
20160603,97.790001,98.269997,97.449997,97.919998,93.190834,28504900
20160606,97.989998,101.889999,97.550003,98.629997,93.866531,23292500
20160607,99.250000,99.870003,98.959999,99.029999,94.247215,22409500
20160608,99.019997,99.559998,98.680000,98.940002,94.161552,20848100
20160609,98.500000,99.989998,98.459999,99.650002,94.837273,26601400
20160610,98.529999,99.349998,98.480003,98.830002,94.056877,31712900
20160613,98.690002,99.120003,97.099998,97.339996,92.638840,38020500
20160614,97.320000,98.480003,96.750000,97.459999,92.753036,31931900
20160615,97.820000,98.410004,97.029999,97.139999,92.448509,29445200
20160616,96.449997,97.750000,96.070000,97.550003,92.838699,31326800
20160617,96.620003,96.650002,95.300003,95.330002,90.725914,61008200
20160620,96.000000,96.570000,95.029999,95.099998,90.507019,34411900
20160621,94.940002,96.349998,94.680000,95.910004,91.277893,35546400
20160622,96.250000,96.889999,95.349998,95.550003,90.935295,29219100
20160623,95.940002,96.290001,95.250000,96.099998,91.458733,32240200
20160624,92.910004,94.660004,92.650002,93.400002,88.889130,75311400
20160627,93.000000,93.050003,91.500000,92.040001,87.594810,45489600
20160628,92.900002,93.660004,92.139999,93.589996,89.069954,40444900
20160629,93.970001,94.550003,93.629997,94.400002,89.840843,36531000
20160630,94.440002,95.769997,94.300003,95.599998,90.982880,35836400
20160701,95.489998,96.470001,95.330002,95.889999,91.258865,26026500
20160705,95.389999,95.400002,94.459999,94.989998,90.402336,27705200
20160706,94.599998,95.660004,94.370003,95.529999,90.916252,30949100
20160707,95.699997,96.500000,95.620003,95.940002,91.306458,25139600
20160708,96.489998,96.889999,96.050003,96.680000,92.010704,28912100
20160711,96.750000,97.650002,96.730003,96.980003,92.296219,23794900
20160712,97.169998,97.699997,97.120003,97.419998,92.714973,24167500
20160713,97.410004,97.669998,96.839996,96.870003,92.191536,25892200
20160714,97.389999,98.989998,97.320000,98.790001,94.018806,38919000
20160715,98.919998,99.300003,98.500000,98.779999,94.009300,30137000
20160718,98.699997,100.129997,98.599998,99.830002,95.008583,36493900
20160719,99.559998,100.000000,99.339996,99.870003,95.046654,23779900
20160720,100.000000,100.459999,99.739998,99.959999,95.132294,26276000
20160721,99.830002,101.000000,99.129997,99.430000,94.627907,32702000
20160722,99.260002,99.300003,98.309998,98.660004,93.895088,28313700
20160725,98.250000,98.839996,96.919998,97.339996,92.638840,40382900
20160726,96.820000,97.970001,96.419998,96.669998,92.001190,56239800
20160727,104.269997,104.349998,102.750000,102.949997,97.977890,92344800
20160728,102.830002,104.449997,102.820000,104.339996,99.300751,39869800
20160729,104.190002,104.550003,103.680000,104.209999,99.177032,27733700
20160801,104.410004,106.150002,104.410004,106.050003,100.928177,38167900
20160802,106.050003,106.070000,104.000000,104.480003,99.434013,33816600
20160803,104.809998,105.839996,104.769997,105.790001,100.680740,30202600
20160804,105.580002,106.000000,105.279999,105.870003,101.302704,27408700
20160805,106.269997,107.650002,106.180000,107.480003,102.843239,40553400
20160808,107.519997,108.370003,107.160004,108.370003,103.694847,28037200
20160809,108.230003,108.940002,108.010002,108.809998,104.115845,26315200
20160810,108.709999,108.900002,107.760002,108.000000,103.340813,24008500
20160811,108.519997,108.930000,107.849998,107.930000,103.273819,27484500
20160812,107.779999,108.440002,107.779999,108.180000,103.513039,18660400
20160815,108.139999,109.540001,108.080002,109.480003,104.756958,25868200
20160816,109.629997,110.230003,109.209999,109.379997,104.661263,33794400
20160817,109.099998,109.370003,108.339996,109.220001,104.508171,25356000
20160818,109.230003,109.599998,109.019997,109.080002,104.374222,21984700
20160819,108.769997,109.690002,108.360001,109.360001,104.642128,25368100
20160822,108.860001,109.099998,107.849998,108.510002,103.828804,25820200
20160823,108.589996,109.320000,108.529999,108.849998,104.154129,21257700
20160824,108.570000,108.750000,107.680000,108.029999,103.369514,23675100
20160825,107.389999,107.879997,106.680000,107.570000,102.929344,25086200
20160826,107.410004,107.949997,106.309998,106.940002,102.326515,27766300
20160829,106.620003,107.440002,106.290001,106.820000,102.211693,24970300
20160830,105.800003,106.500000,105.500000,106.000000,101.427101,24863900
20160831,105.660004,106.570000,105.639999,106.099998,101.522766,29662400
20160901,106.139999,106.800003,105.620003,106.730003,102.125595,26701500
20160902,107.699997,108.000000,106.820000,107.730003,103.082443,26802500
20160906,107.900002,108.300003,107.510002,107.699997,103.053741,26880400
20160907,107.830002,108.760002,107.070000,108.360001,103.685272,42364300
20160908,107.250000,107.269997,105.239998,105.519997,100.967781,53002000
20160909,104.639999,105.720001,103.129997,103.129997,98.680893,46557000
20160912,102.650002,105.720001,102.529999,105.440002,100.891243,45292800
20160913,107.510002,108.790001,107.239998,107.949997,103.292953,62176200
20160914,108.730003,113.029999,108.599998,111.769997,106.948166,110888700
20160915,113.860001,115.730003,113.489998,115.570000,110.584213,89983600
20160916,115.120003,116.129997,114.040001,114.919998,109.962280,79886900
20160919,115.190002,116.180000,113.250000,113.580002,108.680077,47023000
20160920,113.050003,114.120003,112.510002,113.570000,108.670494,34514300
20160921,113.849998,113.989998,112.440002,113.550003,108.651367,36003200
20160922,114.349998,114.940002,114.000000,114.620003,109.675209,31074000
20160923,114.419998,114.790001,111.550003,112.709999,107.847618,52481200
20160926,111.639999,113.389999,111.550003,112.879997,108.010277,29869400
20160927,113.000000,113.180000,112.339996,113.089996,108.211220,24607400
20160928,113.690002,114.639999,113.430000,113.949997,109.034119,29641100
20160929,113.160004,113.800003,111.800003,112.180000,107.340485,35887000
20160930,112.459999,113.370003,111.800003,113.050003,108.172951,36379100
20161003,112.709999,113.050003,112.279999,112.519997,107.665810,21701800
20161004,113.059998,114.309998,112.629997,113.000000,108.125099,29736800
20161005,113.400002,113.660004,112.690002,113.050003,108.172951,21453100
20161006,113.699997,114.339996,113.129997,113.889999,108.976700,28779300
20161007,114.309998,114.559998,113.510002,114.059998,109.139381,24358400
20161010,115.019997,116.750000,114.720001,116.050003,111.043526,36236000
20161011,117.699997,118.690002,116.199997,116.300003,111.282745,64041000
20161012,117.349998,117.980003,116.750000,117.339996,112.277863,37586800
20161013,116.790001,117.440002,115.720001,116.980003,111.933395,35192400
20161014,117.879997,118.169998,117.129997,117.629997,112.555351,35652200
20161017,117.330002,117.839996,116.779999,117.550003,112.478821,23624900
20161018,118.180000,118.209999,117.449997,117.470001,112.402275,24553500
20161019,117.250000,117.760002,113.800003,117.120003,112.067375,20034600
20161020,116.860001,117.379997,116.330002,117.059998,112.009941,24125800
20161021,116.809998,116.910004,116.279999,116.599998,111.569786,23192700
20161024,117.099998,117.739998,117.000000,117.650002,112.574501,23538700
20161025,117.949997,118.360001,117.309998,118.250000,113.148598,48129000
20161026,114.309998,115.699997,113.309998,115.589996,110.603355,66134200
20161027,115.389999,115.860001,114.099998,114.480003,109.541260,34562000
20161028,113.870003,115.209999,113.449997,113.720001,108.814041,37861700
20161031,113.650002,114.230003,113.199997,113.540001,108.641800,26419400
20161101,113.459999,113.769997,110.529999,111.489998,106.680237,43825800
20161102,111.400002,112.349998,111.230003,111.589996,106.775925,28331700
20161103,110.980003,111.459999,109.550003,109.830002,105.631424,26932600
20161104,108.529999,110.250000,108.110001,108.839996,104.679260,30837000
20161107,110.080002,110.510002,109.459999,110.410004,106.189255,32560000
20161108,110.309998,111.720001,109.699997,111.059998,106.814407,24254200
20161109,109.879997,111.320000,108.050003,110.879997,106.641281,59176400
20161110,111.089996,111.089996,105.830002,107.790001,103.669388,57134500
20161111,107.120003,108.870003,106.550003,108.430000,104.284943,34143900
20161114,107.709999,107.809998,104.080002,105.709999,101.668922,51175500
20161115,106.570000,107.680000,106.160004,107.110001,103.015404,32264500
20161116,106.699997,110.230003,106.599998,109.989998,105.785301,58840500
20161117,109.809998,110.349998,108.830002,109.949997,105.746819,27632000
20161118,109.720001,110.540001,109.660004,110.059998,105.852631,28428900
20161121,110.120003,111.989998,110.010002,111.730003,107.458794,29264600
20161122,111.949997,112.419998,111.400002,111.800003,107.526115,25965500
20161123,111.360001,111.510002,110.330002,111.230003,106.977898,27426400
20161125,111.129997,111.870003,110.949997,111.790001,107.516495,11475900
20161128,111.430000,112.470001,111.389999,111.570000,107.304909,27194000
20161129,110.779999,112.029999,110.070000,111.459999,107.199104,28528800
20161130,111.599998,112.199997,110.269997,110.519997,106.295036,36162300
20161201,110.370003,110.940002,109.029999,109.489998,105.304413,37086900
20161202,109.169998,110.089996,108.849998,109.900002,105.698738,26528000
20161205,110.000000,110.029999,108.250000,109.110001,104.938942,34324500
20161206,109.500000,110.360001,109.190002,109.949997,105.746819,26195500
20161207,109.260002,111.190002,109.160004,111.029999,106.785538,29998700
20161208,110.860001,112.430000,110.599998,112.120003,107.833870,27068300
20161209,112.309998,114.699997,112.309998,113.949997,109.593918,34402600
20161212,113.290001,115.000000,112.489998,113.300003,108.968758,26374400
20161213,113.839996,115.919998,113.750000,115.190002,110.786522,43733800
20161214,115.040001,116.199997,114.980003,115.190002,110.786522,34031800
20161215,115.379997,116.730003,115.230003,115.820000,111.392426,46524500
20161216,116.470001,116.500000,115.650002,115.970001,111.536713,44351100
20161219,115.800003,117.379997,115.750000,116.639999,112.181091,27779400
20161220,116.739998,117.500000,116.680000,116.949997,112.479225,21425000
20161221,116.800003,117.400002,116.779999,117.059998,112.585030,23783200
20161222,116.349998,116.510002,115.639999,116.290001,111.844475,26085900
20161223,115.589996,116.519997,115.589996,116.519997,112.065674,14249500
20161227,116.519997,117.800003,116.489998,117.260002,112.777390,18296900
20161228,117.519997,118.019997,116.199997,116.760002,112.296501,20905900
20161229,116.449997,117.110001,116.400002,116.730003,112.267647,15039500
20161230,116.650002,117.199997,115.430000,115.820000,111.392426,30586300
20170103,115.800003,116.330002,114.760002,116.150002,111.709831,28781900
20170104,115.849998,116.510002,115.750000,116.019997,111.584778,21118100
20170105,115.919998,116.860001,115.809998,116.610001,112.152229,22193600
20170106,116.779999,118.160004,116.470001,117.910004,113.402542,31751900
20170109,117.949997,119.430000,117.940002,118.989998,114.441246,33561900
20170110,118.769997,119.379997,118.300003,119.110001,114.556656,24462100
20170111,118.739998,119.930000,118.599998,119.750000,115.172195,27588600
20170112,118.900002,119.300003,118.209999,119.250000,114.691307,27086200
20170113,119.110001,119.620003,118.809998,119.040001,114.489334,26111900
20170117,118.339996,120.239998,118.220001,120.000000,115.412643,34439800
20170118,120.000000,120.500000,119.709999,119.989998,115.403008,23713000
20170119,119.400002,120.089996,119.370003,119.779999,115.201050,25597300
20170120,120.449997,120.449997,119.730003,120.000000,115.412643,32597900
20170123,120.000000,120.809998,119.769997,120.080002,115.489578,22050200
20170124,119.550003,120.099998,119.500000,119.970001,115.383789,23211000
20170125,120.419998,122.099998,120.279999,121.879997,117.220779,32377600
20170126,121.669998,122.440002,121.599998,121.940002,117.278488,26337600
20170127,122.139999,122.349998,121.599998,121.949997,117.288101,20562900
20170130,120.930000,121.629997,120.660004,121.629997,116.980324,30377500
20170131,121.150002,121.389999,120.620003,121.349998,116.711029,49201000
20170201,127.029999,130.490005,127.010002,128.750000,123.828148,111985000
20170202,127.980003,129.389999,127.779999,128.529999,123.616562,33710400
20170203,128.309998,129.190002,128.160004,129.080002,124.145538,24507300
20170206,129.130005,130.500000,128.899994,130.289993,125.309273,26845900
20170207,130.539993,132.089996,130.449997,131.529999,126.501862,38183800
20170208,131.350006,132.220001,131.220001,132.039993,126.992355,23004100
20170209,131.649994,132.449997,131.119995,132.419998,127.909996,28349900
20170210,132.460007,132.940002,132.050003,132.119995,127.620224,20065500
20170213,133.080002,133.820007,132.750000,133.289993,128.750366,23035400
20170214,133.470001,135.089996,133.250000,135.020004,130.421463,33226200
20170215,135.520004,136.270004,134.619995,135.509995,130.894775,35623100
20170216,135.669998,135.899994,134.839996,135.350006,130.740219,22584600
20170217,135.100006,135.830002,135.100006,135.720001,131.097626,22198200
20170221,136.229996,136.750000,135.979996,136.699997,132.044250,24507200
20170222,136.429993,137.119995,136.110001,137.110001,132.440292,20836900
20170223,137.380005,137.479996,136.300003,136.529999,131.880051,20788200
20170224,135.910004,136.660004,135.279999,136.660004,132.005615,21776600
20170227,137.139999,137.440002,136.279999,136.929993,132.266418,20257400
20170228,137.080002,137.440002,136.699997,136.990005,132.324371,23482900
20170301,137.889999,140.149994,137.600006,139.789993,135.028976,36414600
20170302,140.000000,140.279999,138.759995,138.960007,134.227295,26211000
20170303,138.779999,139.830002,138.589996,139.779999,135.019348,21108100
20170306,139.369995,139.770004,138.600006,139.339996,134.594330,21750000
20170307,139.059998,139.979996,138.789993,139.520004,134.768204,17446300
20170308,138.949997,139.800003,138.820007,139.000000,134.265915,18707200
20170309,138.740005,138.789993,137.050003,138.679993,133.956802,22155900
20170310,139.250000,139.360001,138.639999,139.139999,134.401154,19612800
20170313,138.850006,139.429993,138.820007,139.199997,134.459091,17421700
20170314,139.300003,139.649994,138.839996,138.990005,134.256256,15309100
20170315,139.410004,140.750000,139.029999,140.460007,135.676193,25691800
20170316,140.720001,141.020004,140.259995,140.690002,135.898361,19232000
20170317,141.000000,141.000000,139.889999,139.990005,135.222229,43885000
20170320,140.399994,141.500000,140.229996,141.460007,136.642136,21542000
20170321,142.110001,142.800003,139.729996,139.839996,135.077301,39529900
20170322,139.850006,141.600006,139.759995,141.419998,136.603500,25860200
20170323,141.259995,141.580002,140.610001,140.919998,136.120514,20346300
20170324,141.500000,141.740005,140.350006,140.639999,135.850052,22395600
20170327,139.389999,141.220001,138.619995,140.880005,136.081879,23575100
20170328,140.910004,144.039993,140.619995,143.800003,138.902451,33374800
20170329,143.679993,144.490005,143.190002,144.119995,139.211563,29190000
20170330,144.190002,144.500000,143.500000,143.929993,139.028015,21207300
20170331,143.720001,144.270004,143.009995,143.660004,138.767197,19661700
20170403,143.710007,144.119995,143.050003,143.699997,138.805832,19985700
20170404,143.250000,144.889999,143.169998,144.770004,139.839371,19891400
20170405,144.220001,145.460007,143.809998,144.020004,139.114960,27717900
20170406,144.289993,144.520004,143.449997,143.660004,138.767197,21149000
20170407,143.729996,144.179993,143.270004,143.339996,138.458099,16672200
20170410,143.600006,143.880005,142.899994,143.169998,138.293900,18933400
20170411,142.940002,143.350006,140.059998,141.630005,136.806366,30379400
20170412,141.600006,142.149994,141.009995,141.800003,136.970566,20350000
20170413,141.910004,142.380005,141.050003,141.050003,136.246109,17822900
20170417,141.479996,141.880005,140.869995,141.830002,136.999512,16582100
20170418,141.410004,142.039993,141.110001,141.199997,136.391006,14697500
20170419,141.880005,142.000000,140.449997,140.679993,135.888687,17328400
20170420,141.220001,142.919998,141.160004,142.440002,137.588776,23319600
20170421,142.440002,142.679993,141.850006,142.270004,137.424545,17320900
20170424,143.500000,143.949997,143.179993,143.639999,138.747894,17134300
20170425,143.910004,144.899994,143.869995,144.529999,139.607590,18871500
20170426,144.470001,144.600006,143.380005,143.679993,138.786530,20041200
20170427,143.919998,144.160004,143.309998,143.789993,138.892776,14246300
20170428,144.089996,144.300003,143.270004,143.649994,138.757538,20860400
20170501,145.100006,147.199997,144.960007,146.580002,141.587769,33602900
20170502,147.539993,148.089996,146.839996,147.509995,142.486099,45352200
20170503,145.589996,147.490005,144.270004,147.059998,142.051422,45697000
20170504,146.520004,147.139999,145.809998,146.529999,141.539459,23371900
20170505,146.759995,148.979996,146.759995,148.960007,143.886719,27327700
20170508,149.029999,153.699997,149.029999,153.009995,147.798767,48752400
20170509,153.869995,154.880005,153.449997,153.990005,148.745392,39130400
20170510,153.630005,153.940002,152.110001,153.259995,148.040237,25805700
20170511,152.449997,154.070007,152.309998,153.949997,149.320557,27255100
20170512,154.699997,156.419998,154.669998,156.100006,151.405930,32527000
20170515,156.009995,156.649994,155.050003,155.699997,151.017929,26009700
20170516,155.940002,156.059998,154.720001,155.470001,150.794830,20048500
20170517,153.600006,154.570007,149.710007,150.250000,145.731827,50767700
20170518,151.270004,153.339996,151.130005,152.539993,147.952927,33568200
20170519,153.380005,153.979996,152.630005,153.059998,148.457306,26960800
20170522,154.000000,154.580002,152.910004,153.990005,149.359360,22966400
20170523,154.899994,154.899994,153.309998,153.800003,149.175079,19918900
20170524,153.839996,154.169998,152.669998,153.339996,148.728882,19178000
20170525,153.729996,154.350006,153.029999,153.869995,149.242950,19235600
20170526,154.000000,154.240005,153.309998,153.610001,148.990768,21927600
20170530,153.419998,154.429993,153.330002,153.669998,149.048965,20126900
20170531,153.970001,154.169998,152.380005,152.759995,148.166336,24451200
20170601,153.169998,153.330002,152.220001,153.179993,148.573685,16404100
20170602,153.580002,155.449997,152.889999,155.449997,150.775436,27770700
20170605,154.339996,154.449997,153.460007,153.929993,149.301117,25331700
20170606,153.899994,155.809998,153.779999,154.449997,149.805511,26624900
20170607,155.020004,155.979996,154.479996,155.369995,150.697861,21069600
20170608,155.250000,155.539993,154.399994,154.990005,150.329269,21250800
20170609,155.190002,155.190002,146.020004,148.979996,144.500000,64882700
20170612,145.740005,146.089996,142.509995,145.419998,141.047043,72307300
20170613,147.160004,147.449997,145.149994,146.589996,142.181839,34165400
20170614,147.500000,147.500000,143.839996,145.160004,140.794876,31531200
20170615,143.320007,144.479996,142.210007,144.289993,139.951019,32165400
20170616,143.779999,144.500000,142.199997,142.270004,137.991791,50361100
20170619,143.660004,146.740005,143.660004,146.339996,141.939392,32541400
20170620,146.869995,146.869995,144.940002,145.009995,140.649384,24900100
20170621,145.520004,146.070007,144.610001,145.869995,141.483521,21265800
20170622,145.770004,146.699997,145.119995,145.630005,141.250763,19106300
20170623,145.130005,147.160004,145.110001,146.279999,141.881210,35439400
20170626,147.169998,148.279999,145.380005,145.820007,141.435043,25692400
20170627,145.009995,146.160004,143.619995,143.729996,139.407867,24761900
20170628,144.490005,146.110001,143.160004,145.830002,141.444717,22082400
20170629,144.710007,145.130005,142.279999,143.679993,139.359360,31499400
20170630,144.449997,144.960007,143.779999,144.020004,139.689148,23024100
20170703,144.880005,145.300003,143.100006,143.500000,139.184799,14277800
20170705,143.690002,144.789993,142.720001,144.089996,139.757050,21569600
20170706,143.020004,143.500000,142.410004,142.729996,138.437958,24128800
20170707,142.899994,144.750000,142.899994,144.179993,139.844330,19201700
20170710,144.110001,145.949997,143.369995,145.059998,140.697891,21090600
20170711,144.729996,145.850006,144.380005,145.529999,141.153748,19781800
20170712,145.869995,146.179993,144.820007,145.740005,141.357452,24884500
20170713,145.500000,148.490005,145.440002,147.770004,143.326370,25199400
20170714,147.970001,149.330002,147.330002,149.039993,144.558197,20132100
20170717,148.820007,150.899994,148.570007,149.559998,145.062561,23793500
20170718,149.199997,150.130005,148.669998,150.080002,145.566925,17868800
20170719,150.479996,151.419998,149.949997,151.020004,146.478683,20923000
20170720,151.500000,151.740005,150.190002,150.339996,145.819077,17243700
20170721,149.990005,150.440002,148.880005,150.270004,145.751236,26252600
20170724,150.580002,152.440002,149.899994,152.089996,147.516495,21493200
20170725,151.800003,153.839996,151.800003,152.740005,148.146942,18853900
20170726,153.350006,153.929993,153.059998,153.460007,148.845306,15781000
20170727,153.750000,153.990005,147.300003,150.559998,146.032501,32476300
20170728,149.889999,150.229996,149.190002,149.500000,145.004379,17213700
20170731,149.899994,150.330002,148.130005,148.729996,144.257507,19845900
20170801,149.100006,150.220001,148.410004,150.050003,145.537842,35368600
20170802,159.279999,159.750000,156.160004,157.139999,152.414627,69936800
20170803,157.050003,157.210007,155.020004,155.570007,150.891830,27097300
20170804,156.070007,157.399994,155.690002,156.389999,151.687180,20559900
20170807,157.059998,158.919998,156.669998,158.809998,154.034393,21870300
20170808,158.600006,161.830002,158.270004,160.080002,155.266205,36205900
20170809,159.259995,161.270004,159.110001,161.059998,156.216736,26131500
20170810,159.899994,160.000000,154.630005,155.320007,151.240952,40804300
20170811,156.600006,158.570007,156.070007,157.479996,153.344223,26257100
20170814,159.320007,160.210007,158.750000,159.850006,155.651978,22122700
20170815,160.660004,162.199997,160.139999,161.600006,157.356033,29465500
20170816,161.940002,162.509995,160.149994,160.949997,156.723083,27671600
20170817,160.520004,160.710007,157.839996,157.860001,153.714249,27940600
20170818,157.860001,159.500000,156.720001,157.500000,153.363708,27428100
20170821,157.500000,157.889999,155.110001,157.210007,153.081329,26368500
20170822,158.229996,160.000000,158.020004,159.779999,155.583832,21604600
20170823,159.070007,160.470001,158.880005,159.979996,155.778564,19399100
20170824,160.429993,160.740005,158.550003,159.270004,155.087204,19818900
20170825,159.649994,160.559998,159.270004,159.860001,155.661713,25480100
20170828,160.139999,162.000000,159.929993,161.470001,157.229446,25966000
20170829,160.100006,163.119995,160.000000,162.910004,158.631622,29516900
20170830,163.800003,163.889999,162.610001,163.350006,159.060074,27269600
20170831,163.639999,164.520004,163.479996,164.000000,159.692978,26785100
20170901,164.800003,164.940002,163.630005,164.050003,159.741684,16591100
20170905,163.750000,164.250000,160.559998,162.080002,157.823425,29468500
20170906,162.710007,162.990005,160.520004,161.910004,157.657867,21651700
20170907,162.089996,162.240005,160.360001,161.259995,157.024948,21928500
20170908,160.860001,161.149994,158.529999,158.630005,154.464020,28611500
20170911,160.500000,162.050003,159.889999,161.500000,157.258652,31580800
20170912,162.610001,163.960007,158.770004,160.860001,156.635468,71714000
20170913,159.869995,159.960007,157.910004,159.649994,155.457230,44907400
20170914,158.990005,159.399994,158.089996,158.279999,154.123199,23760700
20170915,158.470001,160.970001,158.000000,159.880005,155.681183,49114600
20170918,160.110001,160.500000,158.000000,158.669998,154.502975,28269400
20170919,159.509995,159.770004,158.440002,158.729996,154.561386,20810600
20170920,157.899994,158.259995,153.830002,156.070007,151.971283,52951400
20170921,155.800003,155.800003,152.750000,153.389999,149.361633,37511700
20170922,151.539993,152.270004,150.559998,151.889999,147.901031,46645400
20170925,149.990005,151.830002,149.160004,150.550003,146.596222,44387300
20170926,151.779999,153.919998,151.690002,153.139999,149.118195,36660000
20170927,153.800003,154.720001,153.539993,154.229996,150.179565,25504200
20170928,153.889999,154.279999,152.699997,153.279999,149.254517,22005500
20170929,153.210007,154.130005,152.000000,154.119995,150.072464,26299800
20171002,154.259995,154.449997,152.720001,153.809998,149.770599,18698800
20171003,154.009995,155.089996,153.910004,154.479996,150.422989,16230300
20171004,153.630005,153.860001,152.460007,153.479996,149.449265,20163800
20171005,154.179993,155.440002,154.050003,155.389999,151.309082,21283800
20171006,154.970001,155.490005,154.559998,155.300003,151.221481,17407600
20171009,155.809998,156.729996,155.490005,155.839996,151.747284,16262900
20171010,156.059998,158.000000,155.100006,155.899994,151.805710,15617000
20171011,155.970001,156.979996,155.750000,156.550003,152.438675,16905600
20171012,156.350006,157.369995,155.729996,156.000000,151.903107,16125100
20171013,156.729996,157.279999,156.410004,156.990005,152.867111,16394200
20171016,157.899994,160.000000,157.649994,159.880005,155.681183,24121500
20171017,159.779999,160.869995,159.229996,160.470001,156.255707,18997300
20171018,160.419998,160.710007,159.600006,159.759995,155.564346,16374200
20171019,156.750000,157.080002,155.020004,155.979996,151.883606,42584200
20171020,156.610001,157.750000,155.960007,156.250000,152.146515,23974100
20171023,156.889999,157.690002,155.500000,156.169998,152.068604,21984300
20171024,156.289993,157.419998,156.199997,157.100006,152.974213,17757200
20171025,156.910004,157.550003,155.270004,156.410004,152.302322,21207100
20171026,157.229996,157.830002,156.779999,157.410004,153.276062,17000500
20171027,159.289993,163.600006,158.699997,163.050003,158.767929,44454200
20171030,163.889999,168.070007,163.720001,166.720001,162.341568,44700800
20171031,167.899994,169.649994,166.940002,169.039993,164.600632,36046800
20171101,169.869995,169.940002,165.610001,166.889999,162.507095,33637800
20171102,166.600006,168.500000,165.279999,168.110001,163.695053,41393400
20171103,174.000000,174.259995,171.119995,172.500000,167.969772,59398600
20171106,172.369995,174.990005,171.720001,174.250000,169.673798,35026300
20171107,173.910004,175.250000,173.600006,174.809998,170.219101,24361500
20171108,174.660004,176.240005,174.330002,176.240005,171.611557,24409500
20171109,175.110001,176.100006,173.139999,175.880005,171.260986,29482600
20171110,175.110001,175.380005,174.270004,174.669998,170.694199,25145500
20171113,173.500000,174.500000,173.399994,173.970001,170.010132,16982100
20171114,173.039993,173.479996,171.179993,171.339996,167.439987,24782500
20171115,169.970001,170.320007,168.380005,169.080002,165.231430,29158100
20171116,171.179993,171.869995,170.300003,171.100006,167.205475,23637500
20171117,171.039993,171.389999,169.639999,170.149994,166.277084,21899500
20171120,170.289993,170.559998,169.559998,169.979996,166.110947,16262400
20171121,170.779999,173.699997,170.779999,173.139999,169.199020,25131300
20171122,173.360001,175.000000,173.050003,174.960007,170.977585,25588900
20171124,175.100006,175.500000,174.649994,174.970001,170.987366,14026700
20171127,175.050003,175.080002,173.339996,174.089996,170.127380,20716800
20171128,174.300003,174.869995,171.860001,173.070007,169.130630,26428800
20171129,172.630005,172.919998,167.160004,169.479996,165.622330,41666400
20171130,170.429993,172.139999,168.440002,171.850006,167.938385,41527200
20171201,169.949997,171.669998,168.500000,171.050003,167.156601,39759300
20171204,172.479996,172.619995,169.630005,169.800003,165.935043,32542400
20171205,169.059998,171.520004,168.399994,169.639999,165.778687,27350200
20171206,167.500000,170.199997,166.460007,169.009995,165.163025,28560000
20171207,169.029999,170.440002,168.910004,169.320007,165.465988,25673300
20171208,170.490005,171.000000,168.820007,169.369995,165.514832,23355200
20171211,169.199997,172.889999,168.789993,172.669998,168.739731,35273800
20171212,172.149994,172.389999,171.460007,171.699997,167.791794,19409200
20171213,172.500000,173.539993,172.000000,172.270004,168.348831,23818400
20171214,172.399994,173.130005,171.649994,172.220001,168.299973,20476500
20171215,173.630005,174.169998,172.460007,173.970001,170.010132,40169300
20171218,174.880005,177.199997,174.860001,176.419998,172.404373,29421100
20171219,175.029999,175.389999,174.089996,174.539993,170.567154,27436400
20171220,174.869995,175.419998,173.250000,174.350006,170.381485,23475600
20171221,174.169998,176.020004,174.100006,175.009995,171.026459,20949900
20171222,174.679993,175.419998,174.500000,175.009995,171.026459,16349400
20171226,170.800003,171.470001,169.679993,170.570007,166.687531,33185500
20171227,170.100006,170.779999,169.710007,170.600006,166.716858,21498200
20171228,171.000000,171.850006,170.479996,171.080002,167.185913,16480200
20171229,170.520004,170.589996,169.220001,169.229996,165.378021,25999900
20180102,170.160004,172.300003,169.259995,172.259995,168.339050,25555900
20180103,172.529999,174.550003,171.960007,172.229996,168.309738,29517900
20180104,172.539993,173.470001,172.080002,173.029999,169.091522,22434600
20180105,173.440002,175.369995,173.050003,175.000000,171.016678,23660000
20180108,174.350006,175.610001,173.929993,174.350006,170.381485,20567800
20180109,174.550003,175.059998,173.410004,174.330002,170.361954,21584000
20180110,173.160004,174.300003,173.000000,174.289993,170.322845,23959900
20180111,174.589996,175.490005,174.490005,175.279999,171.290329,18667700
20180112,176.179993,177.360001,175.649994,177.089996,173.059113,25418100
20180116,177.899994,179.389999,176.139999,176.190002,172.179611,29565900
20180117,176.149994,179.250000,175.070007,179.100006,175.023361,34386800
20180118,179.369995,180.100006,178.250000,179.259995,175.179718,31193400
20180119,178.610001,179.580002,177.410004,178.460007,174.397949,32425100
20180122,177.300003,177.779999,176.600006,177.000000,172.971176,27108600
20180123,177.300003,179.440002,176.820007,177.039993,173.010254,32689100
20180124,177.250000,177.300003,173.199997,174.220001,170.254440,51105100
20180125,174.509995,174.949997,170.529999,171.110001,167.215210,41529000
20180126,172.000000,172.000000,170.059998,171.509995,167.606140,39143000
20180129,170.160004,170.160004,167.070007,167.960007,164.136932,50640400
20180130,165.529999,167.369995,164.699997,166.970001,163.169464,46048200
20180131,166.869995,168.440002,166.500000,167.429993,163.618988,32478900
20180201,167.169998,168.619995,166.759995,167.779999,163.961014,47230800
20180202,166.000000,166.800003,160.100006,160.500000,156.846741,86593800
20180205,159.100006,163.880005,156.000000,156.490005,152.928009,72738500
20180206,154.830002,163.720001,154.000000,163.029999,159.319138,68243800
20180207,163.089996,163.399994,159.070007,159.539993,155.908569,51608600
20180208,160.289993,161.000000,155.029999,155.149994,151.618515,54390500
20180209,157.070007,157.889999,150.240005,156.410004,153.473022,70672600
20180212,158.500000,163.889999,157.509995,162.710007,159.654739,60819500
20180213,161.949997,164.750000,161.649994,164.339996,161.254105,32549200
20180214,163.039993,167.539993,162.880005,167.369995,164.227203,40644900
20180215,169.789993,173.089996,169.000000,172.990005,169.741684,51147200
20180216,172.360001,174.820007,171.770004,172.429993,169.192200,40176100
20180220,172.050003,174.259995,171.419998,171.850006,168.623093,33930500
20180221,172.830002,174.119995,171.009995,171.070007,167.857742,37471600
20180222,171.800003,173.949997,171.710007,172.500000,169.260895,30991900
20180223,173.669998,175.649994,173.539993,175.500000,172.204559,33812400
20180226,176.350006,179.389999,176.210007,178.970001,175.609406,38162200
20180227,179.100006,180.479996,178.160004,178.389999,175.040298,38928100
20180228,179.259995,180.619995,178.050003,178.119995,174.775360,37782100
20180301,178.539993,179.779999,172.660004,175.000000,171.713928,48802000
20180302,172.800003,176.300003,172.449997,176.210007,172.901230,38454000
20180305,175.210007,177.740005,174.520004,176.820007,173.499771,28401400
20180306,177.910004,178.250000,176.130005,176.669998,173.352600,23788500
20180307,174.940002,175.850006,174.270004,175.029999,171.743393,31703500
20180308,175.479996,177.119995,175.070007,176.940002,173.617508,23774100
20180309,177.960007,180.000000,177.389999,179.979996,176.600418,32185200
20180312,180.289993,182.389999,180.210007,181.720001,178.307755,32207100
20180313,182.589996,183.500000,179.240005,179.970001,176.590637,31693500
20180314,180.320007,180.520004,177.809998,178.440002,175.089340,29368400
20180315,178.500000,180.240005,178.070007,178.649994,175.295395,22743800
20180316,178.649994,179.119995,177.619995,178.020004,174.677246,39404700
20180319,177.320007,177.470001,173.660004,175.300003,172.008316,33446800
20180320,175.240005,176.800003,174.940002,175.240005,171.949448,19649400
20180321,175.039993,175.089996,171.259995,171.270004,168.053986,37054900
20180322,170.000000,172.679993,168.600006,168.850006,165.679413,41490800
20180323,168.389999,169.919998,164.940002,164.940002,161.842865,41028800
20180326,168.070007,173.100006,166.440002,172.770004,169.525833,37541200
20180327,173.679993,175.149994,166.919998,168.339996,165.179001,40922600
20180328,167.250000,170.020004,165.190002,166.479996,163.353928,41668500
20180329,167.809998,171.750000,166.899994,167.779999,164.629501,38398500
20180402,166.639999,168.940002,164.470001,166.679993,163.550171,37586800
20180403,167.639999,168.750000,164.880005,168.389999,165.228073,30278000
20180404,164.880005,172.009995,164.770004,171.610001,168.387604,34605500
20180405,172.580002,174.229996,172.080002,172.800003,169.555252,26933200
20180406,170.970001,172.479996,168.199997,168.380005,165.218262,35005300
20180409,169.880005,173.089996,169.850006,170.050003,166.856888,29017700
20180410,173.000000,174.000000,171.529999,173.250000,169.996826,28408600
20180411,172.229996,173.919998,171.699997,172.440002,169.202011,22431600
20180412,173.410004,175.000000,173.039993,174.139999,170.870102,22889300
20180413,174.779999,175.839996,173.850006,174.729996,171.449020,25124300
20180416,175.029999,176.190002,174.830002,175.820007,172.518570,21578400
20180417,176.490005,178.940002,176.410004,178.240005,174.893112,26605400
20180418,177.809998,178.820007,176.880005,177.839996,174.500610,20754500
20180419,173.759995,175.389999,172.660004,172.800003,169.555252,34808800
20180420,170.600006,171.220001,165.429993,165.720001,162.608185,65491100
20180423,166.830002,166.919998,164.089996,165.240005,162.137238,36515500
20180424,165.669998,166.330002,161.220001,162.940002,159.880402,33692000
20180425,162.619995,165.419998,162.410004,163.649994,160.577057,28382100
20180426,164.119995,165.729996,163.369995,164.220001,161.136368,27963000
20180427,164.000000,164.330002,160.630005,162.320007,159.272049,35655800
20180430,162.130005,167.259995,161.839996,165.259995,162.156830,42427400
20180501,166.410004,169.199997,165.270004,169.100006,165.924728,53569400
20180502,175.229996,177.750000,173.800003,176.570007,173.254471,66539400
20180503,175.880005,177.500000,174.440002,176.889999,173.568466,34068200
20180504,178.250000,184.250000,178.169998,183.830002,180.378143,56201300
20180507,185.179993,187.669998,184.750000,185.160004,181.683167,42451400
20180508,184.990005,186.220001,183.669998,186.050003,182.556458,28402800
20180509,186.550003,187.399994,185.220001,187.360001,183.841858,23211200
20180510,187.740005,190.369995,187.649994,190.039993,186.471527,27989300
20180511,189.490005,190.059998,187.449997,188.589996,185.762329,26212200
20180514,189.009995,189.529999,187.860001,188.149994,185.328918,20778800
20180515,186.779999,187.070007,185.100006,186.440002,183.644577,23695200
20180516,186.070007,188.460007,186.000000,188.179993,185.358475,19183100
20180517,188.000000,188.910004,186.360001,186.990005,184.186310,17294000
20180518,187.190002,187.809998,186.130005,186.309998,183.516510,18297700
20180521,188.000000,189.270004,186.910004,187.630005,184.816711,18400800
20180522,188.380005,188.880005,186.779999,187.160004,184.353760,15240700
20180523,186.350006,188.500000,185.759995,188.360001,185.535767,20058400
20180524,188.770004,188.839996,186.210007,188.149994,185.328918,23234000
20180525,188.229996,189.649994,187.649994,188.580002,185.752487,17461000
20180529,187.600006,188.750000,186.869995,187.899994,185.082672,22514100
20180530,187.720001,188.000000,186.779999,187.500000,184.688675,18690500
20180531,187.220001,188.229996,186.139999,186.869995,184.068115,27482800
20180601,187.990005,190.259995,187.750000,190.240005,187.387604,23442500
20180604,191.639999,193.419998,191.350006,191.830002,188.953751,26266200
20180605,193.070007,193.940002,192.360001,193.309998,190.411560,21566000
20180606,193.630005,194.080002,191.919998,193.979996,191.071487,20933600
20180607,194.139999,194.199997,192.339996,193.460007,190.559311,21347200
20180608,191.169998,192.000000,189.770004,191.699997,188.825699,26656800
20180611,191.350006,191.970001,190.210007,191.229996,188.362747,18308500
20180612,191.389999,192.610001,191.149994,192.279999,189.397003,16911100
20180613,192.419998,192.880005,190.440002,190.699997,187.840683,21638400
20180614,191.550003,191.570007,190.220001,190.800003,187.939194,21610100
20180615,190.029999,190.160004,188.259995,188.839996,186.008575,61719200
20180618,187.880005,189.220001,187.199997,188.740005,185.910080,18484900
20180619,185.139999,186.330002,183.449997,185.690002,182.905807,33578500
20180620,186.350006,187.199997,185.729996,186.500000,183.703659,20628700
20180621,187.250000,188.350006,184.940002,185.460007,182.679245,25711900
20180622,186.119995,186.149994,184.699997,184.919998,182.147354,27200400
20180625,183.399994,184.919998,180.729996,182.169998,179.438583,31663100
20180626,182.990005,186.529999,182.539993,184.429993,181.664673,24569200
20180627,185.229996,187.279999,184.029999,184.160004,181.398743,25285300
20180628,184.100006,186.210007,183.800003,185.500000,182.718643,17365200
20180629,186.289993,187.190002,182.910004,185.110001,182.334488,22737700
20180702,183.820007,187.300003,183.419998,187.179993,184.373459,17731300
20180703,187.789993,187.949997,183.539993,183.919998,181.162354,13954800
20180705,185.259995,186.410004,184.279999,185.399994,182.620163,16604200
20180706,185.419998,188.429993,185.199997,187.970001,185.151627,17485200
20180709,189.500000,190.679993,189.300003,190.580002,187.722488,19756600
20180710,190.710007,191.279999,190.179993,190.350006,187.495941,15939100
20180711,188.500000,189.779999,187.610001,187.880005,185.062973,18831500
20180712,189.529999,191.410004,189.309998,191.029999,188.165741,18041100
20180713,191.080002,191.839996,190.899994,191.330002,188.461243,12513900
20180716,191.520004,192.649994,190.419998,190.910004,188.047531,15043100
20180717,189.750000,191.869995,189.199997,191.449997,188.579453,15534500
20180718,191.779999,191.800003,189.929993,190.399994,187.545181,16393400
20180719,189.690002,192.550003,189.690002,191.880005,189.003006,20286800
20180720,191.779999,192.429993,190.169998,191.440002,188.569595,20676200
20180723,190.679993,191.960007,189.559998,191.610001,188.737030,15989400
20180724,192.449997,193.660004,192.050003,193.000000,190.106216,18697900
20180725,193.059998,194.850006,192.429993,194.820007,191.898926,16709900
20180726,194.610001,195.960007,193.610001,194.210007,191.298080,19076000
20180727,194.990005,195.190002,190.100006,190.979996,188.116501,24024000
20180730,191.899994,192.199997,189.070007,189.910004,187.062546,21029500
20180731,190.300003,192.139999,189.339996,190.289993,187.436829,39373000
20180801,199.130005,201.759995,197.309998,201.500000,198.478760,67935700
20180802,200.580002,208.380005,200.350006,207.389999,204.280457,62404000
20180803,207.029999,208.740005,205.479996,207.990005,204.871445,33447400
20180806,208.000000,209.250000,207.070007,209.070007,205.935257,25425400
20180807,209.320007,209.500000,206.759995,207.110001,204.004639,25587400
20180808,206.050003,207.809998,204.520004,207.250000,204.142532,22525500
20180809,209.529999,209.779999,207.199997,208.880005,205.748108,23492600
20180810,207.360001,209.100006,206.669998,207.529999,205.135254,24611200
20180813,209.309998,210.949997,207.699997,208.869995,206.459793,25890900
20180814,210.160004,210.559998,208.259995,209.750000,207.329651,20748000
20180815,209.220001,210.740005,208.330002,210.240005,207.813995,28807600
20180816,211.750000,213.809998,211.470001,213.320007,210.858459,28500400
20180817,213.440002,217.949997,213.160004,217.580002,215.069290,35427000
20180820,218.100006,219.179993,215.110001,215.460007,212.973755,30287700
20180821,216.800003,217.190002,214.029999,215.039993,212.558609,26159800
20180822,214.100006,216.360001,213.839996,215.050003,212.568481,19018100
20180823,214.649994,217.050003,214.600006,215.490005,213.003418,18883200
20180824,216.600006,216.899994,215.110001,216.160004,213.665680,18476400
20180827,217.149994,218.740005,216.330002,217.940002,215.425140,20525100
20180828,219.009995,220.539993,218.919998,219.699997,217.164825,22776800
20180829,220.149994,223.490005,219.410004,222.979996,220.406982,27254800
20180830,223.250000,228.259995,222.399994,225.029999,222.433319,48793800
20180831,226.509995,228.869995,226.000000,227.630005,225.003342,43340100
20180904,228.410004,229.179993,226.630005,228.360001,225.724899,27390100
20180905,228.990005,229.669998,225.100006,226.869995,224.252090,33333000
20180906,226.229996,227.350006,221.300003,223.100006,220.525604,34290000
20180907,221.850006,225.369995,220.710007,221.300003,218.746384,37619800
20180910,220.949997,221.850006,216.470001,218.330002,215.810654,39516500
20180911,218.009995,224.300003,216.559998,223.850006,221.266953,35749000
20180912,224.940002,225.000000,219.839996,221.070007,218.519043,49278700
20180913,223.520004,228.350006,222.570007,226.410004,223.797409,41706400
20180914,225.750000,226.839996,222.520004,223.839996,221.257050,31999300
20180917,222.149994,222.949997,217.270004,217.880005,215.365845,37195100
20180918,217.789993,221.850006,217.119995,218.240005,215.721680,31571700
20180919,218.500000,219.619995,215.300003,218.369995,215.850189,27123800
20180920,220.240005,222.279999,219.149994,220.029999,217.491013,26608800
20180921,220.779999,221.360001,217.289993,217.660004,215.148376,96246700
20180924,216.820007,221.259995,216.630005,220.789993,218.242233,27693400
20180925,219.750000,222.820007,219.699997,222.190002,219.626099,24554400
20180926,221.000000,223.750000,219.759995,220.419998,217.876511,23984700
20180927,223.820007,226.440002,223.539993,224.949997,222.354248,30181200
20180928,224.789993,225.839996,224.020004,225.740005,223.135147,22929400
20181001,227.949997,229.419998,226.350006,227.259995,224.637604,23600800
20181002,227.250000,230.000000,226.630005,229.279999,226.634293,24788200
20181003,230.050003,233.470001,229.779999,232.070007,229.392090,28654800
20181004,230.779999,232.350006,226.729996,227.990005,225.359177,32042000
20181005,227.960007,228.410004,220.580002,224.289993,221.701859,33580500
20181008,222.210007,224.800003,220.199997,223.770004,221.187866,29663900
20181009,223.639999,227.270004,222.250000,226.869995,224.252090,26891000
20181010,225.460007,226.350006,216.050003,216.360001,213.863373,41990600
20181011,214.520004,219.500000,212.320007,214.449997,211.975418,53124400
20181012,220.419998,222.880005,216.839996,222.110001,219.547028,40337900
20181015,221.160004,221.830002,217.270004,217.360001,214.851822,30791000
20181016,218.929993,222.990005,216.759995,222.149994,219.586548,29184000
20181017,222.300003,222.639999,219.339996,221.190002,218.637650,22885400
20181018,217.860001,219.740005,213.000000,216.020004,213.527298,32581300
20181019,218.059998,221.259995,217.429993,219.309998,216.779327,33078700
20181022,219.789993,223.360001,218.940002,220.649994,218.103851,28792100
20181023,215.830002,223.250000,214.699997,222.729996,220.159851,38767800
20181024,222.600006,224.229996,214.539993,215.089996,212.608017,40925500
20181025,217.710007,221.380005,216.750000,219.800003,217.263672,29855800
20181026,215.899994,220.190002,212.669998,216.300003,213.804077,47258400
20181029,219.190002,219.690002,206.089996,212.240005,209.790924,45935500
20181030,211.149994,215.179993,209.270004,213.300003,210.838684,36660000
20181031,216.880005,220.449997,216.619995,218.860001,216.334518,38358900
20181101,219.050003,222.360001,216.809998,222.220001,219.655762,58323200
20181102,209.550003,213.649994,205.429993,207.479996,205.085831,91328700
20181105,204.300003,204.389999,198.169998,201.589996,199.263809,66163700
20181106,201.919998,204.720001,201.690002,203.770004,201.418655,31882900
20181107,205.970001,210.059998,204.130005,209.949997,207.527328,33424400
20181108,209.979996,210.119995,206.750000,208.490005,206.803253,25362600
20181109,205.550003,206.009995,202.250000,204.470001,202.815765,34365800
20181112,199.000000,199.850006,193.789993,194.169998,192.599106,51135500
20181113,191.630005,197.179993,191.449997,192.229996,190.674789,46882900
20181114,193.899994,194.479996,185.929993,186.800003,185.288742,60801000
20181115,188.389999,191.970001,186.899994,191.410004,189.861435,46478800
20181116,190.500000,194.970001,189.460007,193.529999,191.964279,36928300
20181119,190.000000,190.699997,184.990005,185.860001,184.356339,41925300
20181120,178.369995,181.470001,175.509995,176.979996,175.548157,67825200
20181121,179.729996,180.270004,176.550003,176.779999,175.349792,31124200
20181123,174.940002,176.600006,172.100006,172.289993,170.896118,23624000
20181126,174.240005,174.949997,170.259995,174.619995,173.207260,44998500
20181127,171.509995,174.770004,170.880005,174.240005,172.830338,41387400
20181128,176.729996,181.289993,174.929993,180.940002,179.476135,46062500
20181129,182.660004,182.800003,177.699997,179.550003,178.097382,41770000
20181130,180.289993,180.330002,177.029999,178.580002,177.135223,39531500
20181203,184.460007,184.940002,181.210007,184.820007,183.324753,40802500
20181204,180.949997,182.389999,176.270004,176.690002,175.260513,41344300
20181206,171.759995,174.779999,170.419998,174.720001,173.306473,43098400
20181207,173.490005,174.490005,168.300003,168.490005,167.126862,42281600
20181210,165.000000,170.089996,163.330002,169.600006,168.227890,62026000
20181211,171.660004,171.789993,167.000000,168.630005,167.265732,47281700
20181212,170.399994,171.919998,169.020004,169.100006,167.731934,35627700
20181213,170.490005,172.570007,169.550003,170.949997,169.566956,31898600
20181214,169.000000,169.080002,165.279999,165.479996,164.141220,40703700
20181217,165.449997,168.350006,162.729996,163.940002,162.613678,44287900
20181218,165.380005,167.529999,164.389999,166.070007,164.726440,33841500
20181219,166.000000,167.449997,159.089996,160.889999,159.588348,49047300
20181220,160.399994,162.110001,155.300003,156.830002,155.561188,64773000
20181221,156.860001,158.160004,149.630005,150.729996,149.510544,95744600
20181224,148.149994,151.550003,146.589996,146.830002,145.642090,37169200
20181226,148.300003,157.229996,146.720001,157.169998,155.898438,58582500
20181227,155.839996,156.770004,150.070007,156.149994,154.886688,53117100
20181228,157.500000,158.520004,154.550003,156.229996,154.966034,42291400
20181231,158.529999,159.360001,156.479996,157.740005,156.463837,35003500
20190102,154.889999,158.850006,154.229996,157.919998,156.642365,37039700
20190103,143.979996,145.720001,142.000000,142.190002,141.039642,91312200
20190104,144.529999,148.550003,143.800003,148.259995,147.060516,58607100
20190107,148.699997,148.830002,145.899994,147.929993,146.733185,54777800
20190108,149.559998,151.820007,148.520004,150.750000,149.530380,41025300
20190109,151.289993,154.529999,149.630005,153.309998,152.069672,45099100
20190110,152.500000,153.970001,150.860001,153.800003,152.555710,35780700
20190111,152.880005,153.699997,151.509995,152.289993,151.057922,27023200
20190114,150.850006,151.270004,149.220001,150.000000,148.786438,32439200
20190115,150.270004,153.389999,150.050003,153.070007,151.831619,28710900
20190116,153.080002,155.880005,153.000000,154.940002,153.686493,30569700
20190117,154.199997,157.660004,153.259995,155.860001,154.599045,29821200
20190118,157.500000,157.880005,155.979996,156.820007,155.551285,33751000
20190122,156.410004,156.729996,152.619995,153.300003,152.059753,30394000
20190123,154.149994,155.139999,151.699997,153.919998,152.674728,23130600
20190124,154.110001,154.479996,151.740005,152.699997,151.464615,25441500
20190125,155.479996,158.130005,154.320007,157.759995,156.483673,33535500
20190128,155.789993,156.330002,153.660004,156.300003,155.035492,26192100
20190129,156.250000,158.130005,154.110001,154.679993,153.428589,41587200
20190130,163.250000,166.149994,160.229996,165.250000,163.913071,61109800
20190131,166.110001,169.000000,164.559998,166.440002,165.093445,40739600
20190201,166.960007,168.979996,165.929993,166.520004,165.172806,32668100
20190204,167.410004,171.660004,167.279999,171.250000,169.864532,31495500
20190205,172.860001,175.080002,172.350006,174.179993,172.770813,36101600
20190206,174.649994,175.570007,172.850006,174.240005,172.830338,28239600
20190207,172.399994,173.940002,170.339996,170.940002,169.557037,31741700
20190208,168.990005,170.660004,168.419998,170.410004,169.756271,23820000
20190211,171.050003,171.210007,169.250000,169.429993,168.780029,20993400
20190212,170.100006,171.000000,169.699997,170.889999,170.234436,22283500
20190213,171.389999,172.479996,169.919998,170.179993,169.527145,22490200
20190214,169.710007,171.259995,169.380005,170.800003,170.144775,21835700
20190215,171.250000,171.699997,169.750000,170.419998,169.766235,24626800
20190219,169.710007,171.440002,169.490005,170.929993,170.274261,18972800
20190220,171.190002,173.320007,170.990005,172.029999,171.370056,26114400
20190221,171.800003,172.369995,170.300003,171.059998,170.403778,17249700
20190222,171.580002,173.000000,171.380005,172.970001,172.306458,18913200
20190225,174.160004,175.869995,173.949997,174.229996,173.561615,21873400
20190226,173.710007,175.300003,173.169998,174.330002,173.661240,17070200
20190227,173.210007,175.000000,172.729996,174.869995,174.199158,27835400
20190228,174.320007,174.910004,172.919998,173.149994,172.485748,28215400
20190301,174.279999,175.149994,172.889999,174.970001,174.298782,25886200
20190304,175.690002,177.750000,173.970001,175.850006,175.175415,27436200
20190305,175.940002,176.000000,174.539993,175.529999,174.856628,19737400
20190306,174.669998,175.490005,173.940002,174.520004,173.850510,20810400
20190307,173.869995,174.440002,172.020004,172.500000,171.838257,24796400
20190308,170.320007,173.070007,169.500000,172.910004,172.246689,23999400
20190311,175.490005,179.119995,175.350006,178.899994,178.213699,32011000
20190312,180.000000,182.669998,179.369995,180.910004,180.215988,32467600
20190313,182.250000,183.300003,180.919998,181.710007,181.012924,31032500
20190314,183.899994,184.100006,182.559998,183.729996,183.025162,23579500
20190315,184.850006,187.330002,183.740005,186.119995,185.406006,39042900
20190318,185.800003,188.389999,185.789993,188.020004,187.298721,26219800
20190319,188.350006,188.990005,185.919998,186.529999,185.814423,31646400
20190320,186.229996,189.490005,184.729996,188.160004,187.438187,31035200
20190321,190.020004,196.330002,189.809998,195.089996,194.341583,51034200
20190322,195.339996,197.690002,190.779999,191.050003,190.317093,42407700
20190325,191.509995,191.979996,186.600006,188.740005,188.015961,43845300
20190326,191.660004,192.880005,184.580002,186.789993,186.073425,49800500
20190327,188.750000,189.759995,186.550003,188.470001,187.746994,29848400
20190328,188.949997,189.559998,187.529999,188.720001,187.996033,20780400
20190329,189.830002,190.080002,188.539993,189.949997,189.221313,23564000
20190401,191.639999,191.679993,188.380005,191.240005,190.506363,27862000
20190402,191.089996,194.460007,191.050003,194.020004,193.275696,22765700
20190403,193.250000,196.500000,193.149994,195.350006,194.600601,23271800
20190404,194.789993,196.369995,193.139999,195.690002,194.939301,19114300
20190405,196.449997,197.100006,195.929993,197.000000,196.244263,18526600
20190408,196.419998,200.229996,196.339996,200.100006,199.332382,25881700
20190409,200.320007,202.850006,199.229996,199.500000,198.734680,35768200
20190410,198.679993,200.740005,198.179993,200.619995,199.850372,21695300
20190411,200.850006,201.000000,198.440002,198.949997,198.186783,20900800
20190412,199.199997,200.139999,196.210007,198.869995,198.107086,27760700
20190415,198.580002,199.850006,198.009995,199.229996,198.465714,17536600
20190416,199.460007,201.369995,198.559998,199.250000,198.485641,25696400
20190417,199.539993,203.380005,198.610001,203.130005,202.350754,28906800
20190418,203.119995,204.149994,202.520004,203.860001,203.077957,24195800
20190422,202.830002,204.940002,202.339996,204.529999,203.745377,19439500
20190423,204.429993,207.750000,203.899994,207.479996,206.684052,23323000
20190424,207.360001,208.479996,207.050003,207.160004,206.365295,17540600
20190425,206.830002,207.759995,205.119995,205.279999,204.492508,18543200
20190426,204.899994,205.000000,202.119995,204.300003,203.516266,18649100
20190429,204.399994,205.970001,203.860001,204.610001,203.825073,22204700
20190430,203.059998,203.399994,199.110001,200.669998,199.900192,46534900
20190501,209.880005,215.309998,209.229996,210.520004,209.712402,64827300
20190502,209.839996,212.649994,208.130005,209.149994,208.347656,31996300
20190503,210.889999,211.839996,210.229996,211.750000,210.937683,20892400
20190506,204.289993,208.839996,203.500000,208.479996,207.680222,32443100
20190507,205.880005,207.419998,200.830002,202.860001,202.081787,38763700
20190508,201.899994,205.339996,201.750000,202.899994,202.121628,26339500
20190509,200.399994,201.679993,196.660004,200.720001,199.949997,34908600
20190510,197.419998,198.850006,192.770004,197.179993,197.179993,41208700
20190513,187.710007,189.479996,182.850006,185.720001,185.720001,57430600
20190514,186.410004,189.699997,185.410004,188.660004,188.660004,36529700
20190515,186.270004,191.750000,186.020004,190.919998,190.919998,26544700
20190516,189.910004,192.470001,188.839996,190.080002,190.080002,33031400
20190517,186.929993,190.899994,186.759995,189.000000,189.000000,32879100
20190520,183.520004,184.350006,180.279999,183.089996,183.089996,38612300
20190521,185.220001,188.000000,184.699997,186.600006,186.600006,28364800
20190522,184.660004,185.710007,182.550003,182.779999,182.779999,29748600
20190523,179.800003,180.539993,177.809998,179.660004,179.660004,36529700
20190524,180.199997,182.139999,178.619995,178.970001,178.970001,23714700
20190528,178.919998,180.589996,177.910004,178.229996,178.229996,27948200
20190529,176.419998,179.350006,176.000000,177.380005,177.380005,28481200
20190530,177.949997,179.229996,176.669998,178.300003,178.300003,21218400
20190531,176.229996,177.990005,174.990005,175.070007,175.070007,27043600
20190603,175.600006,177.919998,170.270004,173.300003,173.300003,40396100
20190604,175.440002,179.830002,174.520004,179.639999,179.639999,30968000
20190605,184.279999,184.990005,181.139999,182.539993,182.539993,29773400
20190606,183.080002,185.470001,182.149994,185.220001,185.220001,22526300
20190607,186.509995,191.919998,185.770004,190.149994,190.149994,30684400
20190610,191.809998,195.369995,191.619995,192.580002,192.580002,26220900
20190611,194.860001,196.000000,193.600006,194.809998,194.809998,26932900
20190612,193.949997,195.970001,193.389999,194.190002,194.190002,18253200
20190613,194.699997,196.789993,193.600006,194.149994,194.149994,21674600
20190614,191.550003,193.589996,190.300003,192.740005,192.740005,18761500
20190617,192.899994,194.960007,192.169998,193.889999,193.889999,14669100
20190618,196.050003,200.289993,195.210007,198.449997,198.449997,26551000
20190619,199.679993,199.880005,197.309998,197.869995,197.869995,21124200
20190620,200.369995,200.610001,198.029999,199.460007,199.460007,21514000
20190621,198.800003,200.850006,198.149994,198.779999,198.779999,47800600
20190624,198.539993,200.160004,198.169998,198.580002,198.580002,18220400
20190625,198.429993,199.259995,195.289993,195.570007,195.570007,21070300
20190626,197.770004,200.990005,197.350006,199.800003,199.800003,26067500
20190627,200.289993,201.570007,199.570007,199.740005,199.740005,20899700
20190628,198.679993,199.500000,197.050003,197.919998,197.919998,31110600
20190701,203.169998,204.490005,200.649994,201.550003,201.550003,27316700
20190702,201.410004,203.130005,201.360001,202.729996,202.729996,16935200
20190703,203.279999,204.440002,202.690002,204.410004,204.410004,11362000
20190705,203.350006,205.080002,202.899994,204.229996,204.229996,17254400
